{
	"info": {
		"_postman_id": "ea2c367f-b8a1-4832-9987-d56bc9b34f53",
		"name": "ApiRESTPSP",
		"schema": "https://schema.getpostman.com/json/collection/v2.1.0/collection.json",
		"_exporter_id": "30168374"
	},
	"item": [
		{
			"name": "Customers CRUD Rest",
			"item": [
				{
					"name": "Customers",
					"request": {
						"method": "GET",
						"header": [],
						"url": {
							"raw": "{{base_url}}/customers",
							"host": [
								"{{base_url}}"
							],
							"path": [
								"customers"
							]
						}
					},
					"response": []
				},
				{
					"name": "GetCustomer",
					"request": {
						"method": "GET",
						"header": [],
						"url": {
							"raw": "{{base_url}}/customers/:id",
							"host": [
								"{{base_url}}"
							],
							"path": [
								"customers",
								":id"
							],
							"variable": [
								{
									"key": "id",
									"value": "3"
								}
							]
						}
					},
					"response": []
				},
				{
					"name": "AddCustomer",
					"request": {
						"method": "POST",
						"header": [],
						"body": {
							"mode": "raw",
							"raw": "{\"name\":\"seHaAñadidoALaDB\",\"birthDate\":\"2023-11-02\"}",
							"options": {
								"raw": {
									"language": "json"
								}
							}
						},
						"url": {
							"raw": "{{base_url}}/customers",
							"host": [
								"{{base_url}}"
							],
							"path": [
								"customers"
							]
						}
					},
					"response": []
				},
				{
					"name": "DeleteCustomers",
					"request": {
						"method": "DELETE",
						"header": [],
						"url": {
							"raw": "{{base_url}}/customers/:id",
							"host": [
								"{{base_url}}"
							],
							"path": [
								"customers",
								":id"
							],
							"variable": [
								{
									"key": "id",
									"value": "2"
								}
							]
						}
					},
					"response": []
				},
				{
					"name": "UpdateCustomer",
					"request": {
						"method": "PUT",
						"header": [],
						"body": {
							"mode": "raw",
							"raw": "{ \r\n    \"name\": \"nombre actualizado\"\r\n}",
							"options": {
								"raw": {
									"language": "json"
								}
							}
						},
						"url": {
							"raw": "{{base_url}}/customers/:id",
							"host": [
								"{{base_url}}"
							],
							"path": [
								"customers",
								":id"
							],
							"variable": [
								{
									"key": "id",
									"value": "3"
								}
							]
						}
					},
					"response": []
				}
			]
		},
		{
			"name": "Orders CRUD Rest",
			"item": [
				{
					"name": "Orders",
					"protocolProfileBehavior": {
						"disableBodyPruning": true
					},
					"request": {
						"method": "GET",
						"header": [],
						"body": {
							"mode": "raw",
							"raw": ""
						},
						"url": {
							"raw": "{{base_url}}/orders",
							"host": [
								"{{base_url}}"
							],
							"path": [
								"orders"
							]
						}
					},
					"response": []
				},
				{
					"name": "getSpecificOrder",
					"event": [
						{
							"listen": "test",
							"script": {
								"exec": [
									""
								],
								"type": "text/javascript"
							}
						}
					],
					"request": {
						"method": "GET",
						"header": [],
						"url": {
							"raw": "{{base_url}}/orders/:id",
							"host": [
								"{{base_url}}"
							],
							"path": [
								"orders",
								":id"
							],
							"variable": [
								{
									"key": "id",
									"value": "2"
								}
							]
						}
					},
					"response": []
				},
				{
					"name": "AddOrder",
					"request": {
						"method": "POST",
						"header": [],
						"body": {
							"mode": "raw",
							"raw": "{\r\n        \"customerId\": 1,\r\n        \"itemName\": \"pepinillos\",\r\n        \"quantity\": 2\r\n }",
							"options": {
								"raw": {
									"language": "json"
								}
							}
						},
						"url": {
							"raw": "{{base_url}}/orders",
							"host": [
								"{{base_url}}"
							],
							"path": [
								"orders"
							]
						}
					},
					"response": []
				},
				{
					"name": "DeleteOrder",
					"request": {
						"method": "DELETE",
						"header": [],
						"url": {
							"raw": "{{base_url}}/orders/:id",
							"host": [
								"{{base_url}}"
							],
							"path": [
								"orders",
								":id"
							],
							"variable": [
								{
									"key": "id",
									"value": "3"
								}
							]
						}
					},
					"response": []
				},
				{
					"name": "UpdateOrder",
					"request": {
						"method": "PUT",
						"header": [],
						"body": {
							"mode": "raw",
							"raw": "{\r\n        \"customerId\": 1,\r\n        \"itemName\": \"updated Order\",\r\n        \"quantity\": 10\r\n    }",
							"options": {
								"raw": {
									"language": "json"
								}
							}
						},
						"url": {
							"raw": "{{base_url}}/orders/:id",
							"host": [
								"{{base_url}}"
							],
							"path": [
								"orders",
								":id"
							],
							"variable": [
								{
									"key": "id",
									"value": "2"
								}
							]
						}
					},
					"response": []
				}
			]
		}
	]
}